{
  "model": "random_forest",
  "train_rows": 5976,
  "test_rows": 479,
  "test_season": 2025,
  "accuracy": 0.7703549060542797,
  "precision": 0.76,
  "recall": 0.7916666666666666,
  "f1": 0.7755102040816326,
  "roc_auc": 0.844979079497908,
  "race_precision_at_10": 0.7666666666666666,
  "exact_top10_set_rate": 0.041666666666666664
}