{
  "model": "hist_gradient_boosting",
  "train_rows": 6432,
  "test_rows": 479,
  "test_season": 2025,
  "accuracy": 0.7766179540709812,
  "precision": 0.7829787234042553,
  "recall": 0.7666666666666667,
  "f1": 0.7747368421052632,
  "roc_auc": 0.8322873082287309,
  "race_precision_at_10": 0.7833333333333332,
  "exact_top10_set_rate": 0.0
}