{
  "model": "random_forest",
  "train_rows": 5976,
  "test_rows": 479,
  "test_season": 2025,
  "accuracy": 0.7724425887265136,
  "precision": 0.754863813229572,
  "recall": 0.8083333333333333,
  "f1": 0.7806841046277666,
  "roc_auc": 0.8440725244072524,
  "race_precision_at_10": 0.7625000000000001,
  "exact_top10_set_rate": 0.041666666666666664
}