{
  "model": "random_forest",
  "train_rows": 6432,
  "test_rows": 479,
  "test_season": 2025,
  "accuracy": 0.7682672233820459,
  "precision": 0.7529411764705882,
  "recall": 0.8,
  "f1": 0.7757575757575758,
  "roc_auc": 0.8423465829846584,
  "race_precision_at_10": 0.775,
  "exact_top10_set_rate": 0.041666666666666664
}