model,train_rows,test_rows,train_start_season,train_end_season,test_season,accuracy,precision,recall,f1,roc_auc,race_precision_at_10,exact_top10_set_rate
hist_gradient_boosting,5976,479,2011,2024,2025,0.7703549060542797,0.7777777777777778,0.7583333333333333,0.7679324894514767,0.8357217573221757,0.775,0.0
random_forest,5976,479,2011,2024,2025,0.7703549060542797,0.76,0.7916666666666666,0.7755102040816326,0.844979079497908,0.7666666666666666,0.041666666666666664
extra_trees,5976,479,2011,2024,2025,0.7599164926931107,0.7450980392156863,0.7916666666666666,0.7676767676767676,0.8398012552301256,0.7666666666666666,0.041666666666666664
neural_network_mlp,5976,479,2011,2024,2025,0.7160751565762005,0.6656050955414012,0.8708333333333333,0.7545126353790613,0.8170502092050209,0.75,0.041666666666666664
logistic_regression,5976,479,2011,2024,2025,0.7369519832985386,0.85625,0.5708333333333333,0.685,0.80831589958159,0.75,0.041666666666666664
