model,train_rows,test_rows,train_start_season,train_end_season,test_season,accuracy,precision,recall,f1,roc_auc,race_precision_at_10,exact_top10_set_rate
hist_gradient_boosting,5976,479,2011,2024,2025,0.7682672233820459,0.763265306122449,0.7791666666666667,0.7711340206185567,0.8334902370990238,0.7791666666666667,0.041666666666666664
neural_network_mlp,5976,479,2011,2024,2025,0.7640918580375783,0.7679324894514767,0.7583333333333333,0.7631027253668763,0.8320083682008368,0.7708333333333334,0.041666666666666664
random_forest,5976,479,2011,2024,2025,0.7661795407098121,0.7601626016260162,0.7791666666666667,0.7695473251028807,0.8423291492329148,0.7541666666666668,0.041666666666666664
extra_trees,5976,479,2011,2024,2025,0.7432150313152401,0.7276264591439688,0.7791666666666667,0.7525150905432596,0.8324093444909344,0.75,0.041666666666666664
logistic_regression,5976,479,2011,2024,2025,0.7453027139874739,0.8470588235294118,0.6,0.7024390243902439,0.8110704323570432,0.7458333333333332,0.041666666666666664
