model,train_rows,test_rows,train_start_season,train_end_season,test_season,accuracy,precision,recall,f1,roc_auc,race_precision_at_10,exact_top10_set_rate
hist_gradient_boosting,5976,479,2011,2024,2025,0.755741127348643,0.7489878542510121,0.7708333333333334,0.7597535934291582,0.8356171548117154,0.7708333333333334,0.041666666666666664
random_forest,5976,479,2011,2024,2025,0.7640918580375783,0.7550200803212851,0.7833333333333333,0.7689161554192229,0.8416666666666666,0.7624999999999998,0.0
logistic_regression,5976,479,2011,2024,2025,0.7369519832985386,0.8313953488372093,0.5958333333333333,0.6941747572815534,0.8229253835425384,0.7541666666666668,0.041666666666666664
neural_network_mlp,5976,479,2011,2024,2025,0.7348643006263048,0.8192090395480226,0.6041666666666666,0.6954436450839329,0.8252266387726639,0.75,0.041666666666666664
extra_trees,5976,479,2011,2024,2025,0.7515657620041754,0.7354085603112841,0.7875,0.7605633802816901,0.8330892608089262,0.725,0.041666666666666664
