model,train_rows,test_rows,train_start_season,train_end_season,test_season,accuracy,precision,recall,f1,roc_auc,race_precision_at_10,exact_top10_set_rate
hist_gradient_boosting,5976,479,2011,2024,2025,0.7703549060542797,0.7777777777777778,0.7583333333333333,0.7679324894514767,0.8358960948396095,0.775,0.08333333333333333
neural_network_mlp,5976,479,2011,2024,2025,0.7620041753653445,0.7669491525423728,0.7541666666666667,0.7605042016806722,0.830910041841004,0.7708333333333334,0.041666666666666664
random_forest,5976,479,2011,2024,2025,0.7682672233820459,0.7654320987654321,0.775,0.7701863354037267,0.8429393305439331,0.7583333333333333,0.041666666666666664
extra_trees,5976,479,2011,2024,2025,0.7432150313152401,0.7276264591439688,0.7791666666666667,0.7525150905432596,0.8322350069735007,0.7541666666666668,0.041666666666666664
logistic_regression,5976,479,2011,2024,2025,0.7453027139874739,0.8470588235294118,0.6,0.7024390243902439,0.8109135285913528,0.7458333333333332,0.041666666666666664
