model,train_rows,test_rows,train_start_season,train_end_season,test_season,accuracy,precision,recall,f1,roc_auc,race_precision_at_10,exact_top10_set_rate
hist_gradient_boosting,5976,479,2011,2024,2025,0.7682672233820459,0.763265306122449,0.7791666666666667,0.7711340206185567,0.834623430962343,0.7666666666666666,0.0
random_forest,5976,479,2011,2024,2025,0.7724425887265136,0.754863813229572,0.8083333333333333,0.7806841046277666,0.8440725244072524,0.7625000000000001,0.041666666666666664
neural_network_mlp,5976,479,2011,2024,2025,0.7620041753653445,0.7625,0.7625,0.7625,0.8293061366806137,0.7541666666666668,0.041666666666666664
logistic_regression,5976,479,2011,2024,2025,0.7411273486430062,0.8452380952380952,0.5916666666666667,0.696078431372549,0.8172768479776849,0.7541666666666668,0.041666666666666664
extra_trees,5976,479,2011,2024,2025,0.7515657620041754,0.7354085603112841,0.7875,0.7605633802816901,0.8351115760111577,0.7458333333333332,0.041666666666666664
