model,train_rows,test_rows,train_start_season,train_end_season,test_season,accuracy,precision,recall,f1,roc_auc,race_precision_at_10,exact_top10_set_rate
hist_gradient_boosting,6432,479,2010,2024,2025,0.7766179540709812,0.7829787234042553,0.7666666666666667,0.7747368421052632,0.8322873082287309,0.7833333333333332,0.0
neural_network_mlp,6432,479,2010,2024,2025,0.7432150313152401,0.8128342245989305,0.6333333333333333,0.711943793911007,0.8274232914923292,0.7708333333333334,0.041666666666666664
extra_trees,6432,479,2010,2024,2025,0.7515657620041754,0.7354085603112841,0.7875,0.7605633802816901,0.8356694560669455,0.7541666666666668,0.041666666666666664
random_forest,6432,479,2010,2024,2025,0.7640918580375783,0.7509881422924901,0.7916666666666666,0.77079107505071,0.8403591352859134,0.7541666666666665,0.041666666666666664
logistic_regression,6432,479,2010,2024,2025,0.7432150313152401,0.8305084745762712,0.6125,0.7050359712230215,0.8199965132496513,0.75,0.041666666666666664
