config_name,hidden_layer_sizes,activation,alpha,learning_rate_init,batch_size,n_iter,best_validation_score,train_rows,test_rows,train_start_season,train_end_season,test_season,accuracy,precision,recall,f1,roc_auc,race_precision_at_10,exact_top10_set_rate
mlp_128_64_32_deep,"(128, 64, 32)",relu,0.004,0.0006,64,38,0.7881828316610925,5976,479,2011,2024,2025,0.7599164926931107,0.7431906614785992,0.7958333333333333,0.7686116700201208,0.8279288702928871,0.7708333333333334,0.041666666666666664
mlp_128_64_small_lr,"(128, 64)",relu,0.002,0.0005,64,39,0.7948717948717948,5976,479,2011,2024,2025,0.7411273486430062,0.8222222222222222,0.6166666666666667,0.7047619047619048,0.8301952580195258,0.7708333333333334,0.041666666666666664
mlp_96_48_regularized,"(96, 48)",relu,0.003,0.0008,64,40,0.7748049052396878,5976,479,2011,2024,2025,0.7411273486430062,0.7959183673469388,0.65,0.7155963302752294,0.8192991631799164,0.7541666666666668,0.041666666666666664
mlp_64_32_baseline,"(64, 32)",relu,0.001,0.001,64,37,0.7658862876254181,5976,479,2011,2024,2025,0.7494780793319415,0.7857142857142857,0.6875,0.7333333333333333,0.8323570432357044,0.7458333333333332,0.0
mlp_80_40_tanh,"(80, 40)",tanh,0.002,0.0007,64,37,0.7993311036789298,5976,479,2011,2024,2025,0.7286012526096033,0.8089887640449438,0.6,0.6889952153110048,0.8263423988842399,0.7374999999999999,0.0
