config_name,hidden_layer_sizes,activation,alpha,learning_rate_init,batch_size,n_iter,best_validation_score,train_rows,test_rows,train_start_season,train_end_season,test_season,accuracy,precision,recall,f1,roc_auc,race_precision_at_10,exact_top10_set_rate
mlp_128_64_small_lr,"(128, 64)",relu,0.002,0.0005,64,39,0.7937569676700111,5976,479,2011,2024,2025,0.7411273486430062,0.8222222222222222,0.6166666666666667,0.7047619047619048,0.8316771269177128,0.7708333333333334,0.041666666666666664
mlp_128_64_32_deep,"(128, 64, 32)",relu,0.004,0.0006,64,39,0.7870680044593088,5976,479,2011,2024,2025,0.7620041753653445,0.752,0.7833333333333333,0.7673469387755102,0.8289923291492328,0.7625000000000001,0.041666666666666664
mlp_64_32_baseline,"(64, 32)",relu,0.001,0.001,64,38,0.7725752508361204,5976,479,2011,2024,2025,0.7578288100208769,0.7980769230769231,0.6916666666666667,0.7410714285714286,0.8314853556485355,0.7541666666666668,0.041666666666666664
mlp_96_48_regularized,"(96, 48)",relu,0.003,0.0008,64,40,0.7736900780379041,5976,479,2011,2024,2025,0.7411273486430062,0.8052631578947368,0.6375,0.7116279069767442,0.8200313807531381,0.7541666666666668,0.041666666666666664
mlp_80_40_tanh,"(80, 40)",tanh,0.002,0.0007,64,37,0.7993311036789298,5976,479,2011,2024,2025,0.7286012526096033,0.8089887640449438,0.6,0.6889952153110048,0.8263423988842399,0.7374999999999999,0.0
