config_name,hidden_layer_sizes,activation,alpha,learning_rate_init,batch_size,n_iter,best_validation_score,train_rows,test_rows,train_start_season,train_end_season,test_season,accuracy,precision,recall,f1,roc_auc,race_precision_at_10,exact_top10_set_rate
mlp_96_48_regularized,"(96, 48)",relu,0.003,0.0008,64,39,0.7736900780379041,5976,479,2011,2024,2025,0.7432150313152401,0.7695852534562212,0.6958333333333333,0.7308533916849015,0.8238319386331938,0.7791666666666668,0.041666666666666664
mlp_80_40_tanh,"(80, 40)",tanh,0.002,0.0007,64,40,0.7736900780379041,5976,479,2011,2024,2025,0.7745302713987474,0.775,0.775,0.775,0.8316771269177128,0.7708333333333334,0.0
mlp_64_32_baseline,"(64, 32)",relu,0.001,0.001,64,37,0.782608695652174,5976,479,2011,2024,2025,0.7473903966597077,0.7874396135265701,0.6791666666666667,0.7293064876957495,0.8297419804741981,0.7541666666666668,0.041666666666666664
mlp_128_64_32_deep,"(128, 64, 32)",relu,0.004,0.0006,64,38,0.8060200668896321,5976,479,2011,2024,2025,0.7515657620041754,0.8102564102564103,0.6583333333333333,0.7264367816091954,0.825976290097629,0.7541666666666668,0.0
mlp_128_64_small_lr,"(128, 64)",relu,0.002,0.0005,64,40,0.778149386845039,5976,479,2011,2024,2025,0.7432150313152401,0.7510729613733905,0.7291666666666666,0.7399577167019028,0.8152370990237099,0.7458333333333332,0.041666666666666664
