config_name,hidden_layer_sizes,activation,alpha,learning_rate_init,batch_size,n_iter,best_validation_score,train_rows,test_rows,train_start_season,train_end_season,test_season,accuracy,precision,recall,f1,roc_auc,race_precision_at_10,exact_top10_set_rate
mlp_128_64_small_lr,"(128, 64)",relu,0.002,0.0005,64,40,0.7770345596432553,5976,479,2011,2024,2025,0.7411273486430062,0.7735849056603774,0.6833333333333333,0.7256637168141593,0.82639470013947,0.7708333333333334,0.0416666666666666
mlp_80_40_tanh,"(80, 40)",tanh,0.002,0.0007,64,38,0.7959866220735786,5976,479,2011,2024,2025,0.755741127348643,0.8324324324324325,0.6416666666666667,0.7247058823529412,0.8323570432357044,0.7708333333333334,0.0
mlp_96_48_regularized,"(96, 48)",relu,0.003,0.0008,64,42,0.79041248606466,5976,479,2011,2024,2025,0.7536534446764092,0.7723214285714286,0.7208333333333333,0.7456896551724138,0.8253835425383542,0.7625000000000001,0.0416666666666666
mlp_128_64_32_deep,"(128, 64, 32)",relu,0.004,0.0006,64,40,0.7759197324414716,5976,479,2011,2024,2025,0.7411273486430062,0.7871287128712872,0.6625,0.7194570135746606,0.8167189679218967,0.7541666666666668,0.0416666666666666
mlp_64_32_baseline,"(64, 32)",relu,0.001,0.001,64,37,0.7915273132664437,5976,479,2011,2024,2025,0.732776617954071,0.788659793814433,0.6375,0.7050691244239631,0.8195083682008368,0.75,0.0416666666666666
