model,train_rows,test_rows,test_season,position_mae_raw,position_rmse_raw,race_precision_at_10,all_rank_mae,actual_top10_rank_mae,predicted_top10_rank_mae,mean_spearman_by_race
neural_network_mlp_regressor,6432,479,2025,3.2376245793603844,4.354849155851386,0.775,3.41140350877193,2.6333333333333333,3.158333333333333,0.6524644945697576
random_forest_regressor,6432,479,2025,3.4921048175329874,4.298520308347168,0.7666666666666666,3.2736842105263158,2.3916666666666666,2.9499999999999997,0.6646512113617377
hist_gradient_boosting_regressor,6432,479,2025,3.3392772795205907,4.314683865004797,0.7666666666666666,3.420175438596491,2.7458333333333336,3.1625,0.6474415204678362
