model,train_rows,test_rows,test_season,position_mae_raw,position_rmse_raw,race_precision_at_10,all_rank_mae,actual_top10_rank_mae,predicted_top10_rank_mae,mean_spearman_by_race
neural_network_mlp_regressor,5976,479,2025,3.2422566957034413,4.573160154075418,0.7708333333333334,3.375,2.645833333333333,3.15,0.6551587301587302
random_forest_regressor,5976,479,2025,3.4612592285486152,4.270526753426437,0.7624999999999998,3.3236842105263165,2.4666666666666663,3.0666666666666664,0.6644736842105263
hist_gradient_boosting_regressor,5976,479,2025,3.244696012533262,4.352688281388875,0.7583333333333333,3.4995614035087725,2.6750000000000003,3.2416666666666667,0.6381578947368421
